,detector,mode,window_small,window_large,standard,fn,fp,sides
0,ratio,individual,5,60,35.78,49.92,35.78,1
1,ratio,individual,5,120,42.54,57.01,38.39,1
2,ratio,individual,5,180,43.43,56.83,40.18,1
3,ratio,individual,5,240,43.88,56.84,41.96,1
4,ratio,individual,5,300,43.85,57.11,41.34,1
5,ratio,individual,5,360,44.56,57.58,42.11,1
6,ratio,individual,5,420,44.86,58.16,42.66,1
7,ratio,individual,5,480,43.94,58.3,42.22,1
8,ratio,individual,5,540,44.27,58.82,42.06,1
9,ratio,individual,5,600,45.45,59.61,42.76,1
10,ratio,individual,5,660,45.46,60.0,41.97,1
11,ratio,individual,5,720,46.03,60.86,42.01,1
12,ratio,individual,5,780,46.16,60.37,41.44,1
13,ratio,individual,5,840,45.73,59.96,40.98,1
14,ratio,individual,5,900,45.83,60.34,41.97,1
15,ratio,individual,5,960,46.32,60.68,41.87,1
16,ratio,individual,5,1020,46.54,60.91,41.63,1
17,ratio,individual,5,1080,46.7,61.11,40.73,1
18,ratio,individual,5,1140,47.16,61.61,41.06,1
19,ratio,individual,5,1200,46.78,61.07,40.89,1
20,ratio,individual,5,1260,46.87,61.15,40.85,1
21,ratio,individual,5,1320,46.76,61.63,41.08,1
22,ratio,individual,5,1380,46.74,61.49,41.3,1
23,ratio,individual,5,1440,46.64,61.57,40.95,1
24,ratio,individual,5,1500,46.53,61.7,41.14,1
25,ratio,individual,5,1560,46.75,61.91,40.95,1
26,ratio,individual,5,1620,46.75,61.91,40.66,1
27,ratio,individual,5,1680,46.23,61.44,40.76,1
28,ratio,individual,5,1740,46.23,61.28,40.76,1
29,ratio,individual,5,1800,45.99,61.12,41.0,1
30,ratio,individual,5,1860,46.18,61.25,41.05,1
31,ratio,individual,5,1920,46.12,61.32,41.15,1
32,ratio,individual,5,1980,46.43,61.7,41.75,1
33,ratio,individual,5,2040,46.9,62.02,42.38,1
34,ratio,individual,5,2100,47.02,62.09,42.37,1
35,ratio,individual,5,2160,46.97,62.06,42.23,1
36,ratio,individual,5,2220,47.18,62.2,42.32,1
37,ratio,individual,5,2280,47.66,62.52,42.8,1
38,ratio,individual,5,2340,47.67,62.53,43.18,1
39,ratio,individual,5,2400,47.88,62.67,42.89,1
40,ratio,individual,5,2460,48.07,62.79,42.41,1
41,ratio,individual,5,2520,47.59,62.44,42.22,1
42,ratio,individual,5,2580,47.78,62.5,42.24,1
43,ratio,individual,5,2640,47.82,62.63,42.43,1
44,ratio,individual,5,2700,47.91,62.69,42.34,1
45,ratio,individual,5,2760,48.34,62.97,42.43,1
46,ratio,individual,5,2820,48.67,63.2,42.24,1
47,ratio,individual,5,2880,48.63,63.16,42.51,1
48,ratio,individual,5,2940,48.03,62.77,42.89,1
49,ratio,individual,5,3000,48.16,62.61,43.27,1
50,ratio,individual,5,3060,48.45,62.76,43.69,1
51,ratio,individual,5,3120,48.64,62.88,43.88,1
52,ratio,individual,5,3180,48.8,62.99,44.17,1
53,ratio,individual,5,3240,48.94,63.09,43.82,1
54,ratio,individual,5,3300,48.52,62.55,43.63,1
55,ratio,individual,5,3360,48.52,62.52,43.92,1
56,ratio,individual,5,3420,48.66,62.61,43.92,1
57,ratio,individual,5,3480,48.8,62.71,44.01,1
58,ratio,individual,5,3540,48.9,62.77,44.02,1
59,ratio,individual,5,3600,48.95,62.8,44.12,1
60,ratio,individual,5,3660,48.99,62.84,44.21,1
61,ratio,individual,5,3720,48.99,62.84,44.21,1
62,ratio,individual,5,3780,48.85,62.74,43.93,1
63,ratio,individual,5,3840,48.52,62.56,43.75,1
64,ratio,individual,5,3900,48.56,62.55,43.75,1
65,ratio,individual,5,3960,48.28,62.56,43.84,1
66,ratio,individual,5,4020,48.28,62.53,43.84,1
67,ratio,individual,5,4080,48.47,62.63,43.46,1
68,ratio,individual,5,4140,48.34,62.69,43.16,1
69,ratio,individual,5,4200,48.15,62.72,43.33,1
70,ratio,individual,5,4260,48.17,62.78,43.52,1
71,ratio,individual,5,4320,48.4,62.85,43.52,1
72,ratio,individual,5,4380,48.59,62.97,43.52,1
73,ratio,individual,5,4440,48.59,63.0,43.52,1
74,ratio,individual,5,4500,48.69,63.07,43.33,1
75,ratio,individual,5,4560,48.5,63.04,43.43,1
76,ratio,individual,5,4620,48.34,62.97,43.43,1
77,ratio,individual,5,4680,48.45,63.0,43.62,1
78,ratio,individual,5,4740,48.45,62.94,43.52,1
79,ratio,individual,5,4800,48.45,63.0,43.51,1
80,ratio,individual,5,4860,48.62,63.1,43.7,1
81,ratio,individual,5,4920,48.72,63.26,43.79,1
82,ratio,individual,5,4980,48.81,63.45,43.93,1
83,ratio,individual,5,5040,48.81,63.44,43.93,1
84,ratio,individual,5,5100,48.91,63.48,44.12,1
85,ratio,individual,5,5160,48.95,63.48,44.21,1
86,ratio,individual,5,5220,49.0,63.51,44.31,1
87,ratio,individual,5,5280,49.29,63.6,44.88,1
88,ratio,individual,5,5340,49.38,63.57,45.07,1
89,ratio,individual,5,5400,49.38,63.63,45.07,1
90,ratio,individual,5,5460,49.47,63.6,45.26,1
91,ratio,individual,5,5520,49.43,63.68,45.16,1
92,ratio,individual,5,5580,49.43,63.74,45.16,1
93,ratio,individual,5,5640,49.43,63.84,45.16,1
94,ratio,individual,5,5700,49.25,63.87,44.41,1
95,ratio,individual,10,60,35.78,47.7,35.78,1
96,ratio,individual,10,120,38.17,54.18,35.78,1
97,ratio,individual,10,180,40.36,55.19,36.1,1
98,ratio,individual,10,240,41.74,55.82,37.83,1
99,ratio,individual,10,300,42.16,55.69,38.91,1
100,ratio,individual,10,360,41.66,56.13,39.6,1
101,ratio,individual,10,420,42.04,56.45,39.14,1
102,ratio,individual,10,480,42.17,56.92,39.25,1
103,ratio,individual,10,540,42.41,57.25,39.67,1
104,ratio,individual,10,600,43.31,58.24,40.91,1
105,ratio,individual,10,660,43.59,58.08,40.49,1
106,ratio,individual,10,720,44.63,58.78,40.97,1
107,ratio,individual,10,780,44.61,59.05,40.78,1
108,ratio,individual,10,840,44.42,59.79,39.64,1
109,ratio,individual,10,900,44.97,60.13,40.26,1
110,ratio,individual,10,960,45.13,59.92,40.55,1
111,ratio,individual,10,1020,45.24,60.04,40.58,1
112,ratio,individual,10,1080,45.6,60.29,39.68,1
113,ratio,individual,10,1140,45.74,60.38,39.96,1
114,ratio,individual,10,1200,45.51,59.94,39.87,1
115,ratio,individual,10,1260,45.61,60.0,39.21,1
116,ratio,individual,10,1320,45.51,60.23,39.39,1
117,ratio,individual,10,1380,45.51,60.19,39.61,1
118,ratio,individual,10,1440,45.37,60.13,39.61,1
119,ratio,individual,10,1500,45.46,60.19,39.25,1
120,ratio,individual,10,1560,45.51,60.22,39.24,1
121,ratio,individual,10,1620,45.46,60.19,38.82,1
122,ratio,individual,10,1680,44.7,59.76,39.3,1
123,ratio,individual,10,1740,44.33,59.63,39.28,1
124,ratio,individual,10,1800,44.28,59.47,39.75,1
125,ratio,individual,10,1860,44.47,59.49,40.13,1
126,ratio,individual,10,1920,44.76,59.54,40.36,1
127,ratio,individual,10,1980,44.96,59.86,40.83,1
128,ratio,individual,10,2040,45.47,59.92,41.23,1
129,ratio,individual,10,2100,45.56,59.82,41.32,1
130,ratio,individual,10,2160,45.8,59.89,41.36,1
131,ratio,individual,10,2220,46.08,60.17,41.23,1
132,ratio,individual,10,2280,46.32,60.36,41.29,1
133,ratio,individual,10,2340,46.41,60.49,41.48,1
134,ratio,individual,10,2400,46.5,60.56,41.67,1
135,ratio,individual,10,2460,46.27,60.5,41.31,1
136,ratio,individual,10,2520,46.38,60.67,41.42,1
137,ratio,individual,10,2580,46.33,60.8,41.56,1
138,ratio,individual,10,2640,46.43,60.84,41.65,1
139,ratio,individual,10,2700,46.47,61.05,41.65,1
140,ratio,individual,10,2760,46.43,61.22,41.53,1
141,ratio,individual,10,2820,46.4,61.26,41.62,1
142,ratio,individual,10,2880,46.38,61.38,41.94,1
143,ratio,individual,10,2940,46.48,61.41,41.94,1
144,ratio,individual,10,3000,46.57,61.43,42.13,1
145,ratio,individual,10,3060,46.71,61.37,42.6,1
146,ratio,individual,10,3120,46.9,61.31,42.42,1
147,ratio,individual,10,3180,47.07,61.4,42.23,1
148,ratio,individual,10,3240,47.12,61.72,42.7,1
149,ratio,individual,10,3300,46.59,61.75,42.13,1
150,ratio,individual,10,3360,46.46,61.53,42.28,1
151,ratio,individual,10,3420,46.51,61.43,42.37,1
152,ratio,individual,10,3480,46.6,61.47,42.37,1
153,ratio,individual,10,3540,46.6,61.43,42.46,1
154,ratio,individual,10,3600,46.76,61.59,42.84,1
155,ratio,individual,10,3660,46.57,61.75,42.84,1
156,ratio,individual,10,3720,46.52,61.76,42.84,1
157,ratio,individual,10,3780,46.68,61.86,42.75,1
158,ratio,individual,10,3840,46.99,62.08,42.75,1
159,ratio,individual,10,3900,46.9,62.01,42.75,1
160,ratio,individual,10,3960,46.95,62.04,42.84,1
161,ratio,individual,10,4020,46.82,61.92,42.75,1
162,ratio,individual,10,4080,46.91,61.7,42.94,1
163,ratio,individual,10,4140,46.91,61.57,42.75,1
164,ratio,individual,10,4200,46.91,61.68,42.59,1
165,ratio,individual,10,4260,46.91,61.83,42.5,1
166,ratio,individual,10,4320,46.91,62.09,42.5,1
167,ratio,individual,10,4380,47.06,62.24,42.31,1
168,ratio,individual,10,4440,47.01,61.95,41.98,1
169,ratio,individual,10,4500,46.91,61.74,42.17,1
170,ratio,individual,10,4560,47.1,61.58,42.17,1
171,ratio,individual,10,4620,47.06,61.71,42.17,1
172,ratio,individual,10,4680,47.15,61.81,42.26,1
173,ratio,individual,10,4740,47.06,61.87,42.26,1
174,ratio,individual,10,4800,47.2,62.0,42.36,1
175,ratio,individual,10,4860,47.39,62.08,42.26,1
176,ratio,individual,10,4920,47.39,62.27,42.36,1
177,ratio,individual,10,4980,47.48,62.39,42.36,1
178,ratio,individual,10,5040,47.48,62.52,42.27,1
179,ratio,individual,10,5100,47.53,62.58,42.27,1
180,ratio,individual,10,5160,47.53,62.67,42.08,1
181,ratio,individual,10,5220,47.55,62.74,41.98,1
182,ratio,individual,10,5280,48.09,63.1,42.03,1
183,ratio,individual,10,5340,48.29,63.22,42.31,1
184,ratio,individual,10,5400,48.52,63.38,42.6,1
185,ratio,individual,10,5460,48.52,63.38,42.5,1
186,ratio,individual,10,5520,48.81,63.57,42.41,1
187,ratio,individual,10,5580,48.95,63.66,42.41,1
188,ratio,individual,10,5640,48.99,63.7,42.31,1
189,ratio,individual,10,5700,48.92,63.65,42.31,1
190,ratio,individual,15,60,35.78,47.7,35.78,1
191,ratio,individual,15,120,35.78,50.41,35.78,1
192,ratio,individual,15,180,38.11,53.39,35.78,1
193,ratio,individual,15,240,38.92,53.96,35.78,1
194,ratio,individual,15,300,40.81,55.37,36.05,1
195,ratio,individual,15,360,40.58,55.44,36.74,1
196,ratio,individual,15,420,41.12,55.54,36.8,1
197,ratio,individual,15,480,41.34,56.29,37.7,1
198,ratio,individual,15,540,42.09,56.79,38.3,1
199,ratio,individual,15,600,43.26,57.57,38.91,1
200,ratio,individual,15,660,43.32,57.62,39.52,1
201,ratio,individual,15,720,44.06,58.4,39.99,1
202,ratio,individual,15,780,44.65,58.79,39.69,1
203,ratio,individual,15,840,44.59,58.75,38.89,1
204,ratio,individual,15,900,44.45,58.66,39.19,1
205,ratio,individual,15,960,44.57,58.73,39.17,1
206,ratio,individual,15,1020,44.04,58.38,39.34,1
207,ratio,individual,15,1080,43.84,58.11,38.86,1
208,ratio,individual,15,1140,43.28,58.53,39.1,1
209,ratio,individual,15,1200,43.33,58.07,39.2,1
210,ratio,individual,15,1260,43.44,58.43,39.13,1
211,ratio,individual,15,1320,43.58,58.63,39.41,1
212,ratio,individual,15,1380,43.92,58.62,40.08,1
213,ratio,individual,15,1440,43.63,58.55,39.51,1
214,ratio,individual,15,1500,43.43,58.26,38.8,1
215,ratio,individual,15,1560,43.43,58.42,38.8,1
216,ratio,individual,15,1620,43.43,58.55,38.44,1
217,ratio,individual,15,1680,43.47,58.58,38.71,1
218,ratio,individual,15,1740,43.17,58.38,38.89,1
219,ratio,individual,15,1800,43.02,58.12,39.37,1
220,ratio,individual,15,1860,43.14,58.28,39.64,1
221,ratio,individual,15,1920,43.38,58.48,39.75,1
222,ratio,individual,15,1980,43.62,58.49,40.13,1
223,ratio,individual,15,2040,44.33,58.66,40.32,1
224,ratio,individual,15,2100,44.41,58.7,40.32,1
225,ratio,individual,15,2160,44.04,58.92,40.51,1
226,ratio,individual,15,2220,44.32,59.32,40.6,1
227,ratio,individual,15,2280,44.67,59.09,40.53,1
228,ratio,individual,15,2340,44.91,59.25,40.63,1
229,ratio,individual,15,2400,45.24,59.47,40.82,1
230,ratio,individual,15,2460,45.3,59.51,41.1,1
231,ratio,individual,15,2520,44.39,59.38,41.29,1
232,ratio,individual,15,2580,44.43,59.6,41.48,1
233,ratio,individual,15,2640,44.38,59.77,41.48,1
234,ratio,individual,15,2700,44.68,59.96,41.48,1
235,ratio,individual,15,2760,44.99,60.18,41.48,1
236,ratio,individual,15,2820,45.15,60.18,41.48,1
237,ratio,individual,15,2880,45.39,60.15,41.57,1
238,ratio,individual,15,2940,45.48,59.63,41.59,1
239,ratio,individual,15,3000,45.58,59.69,41.3,1
240,ratio,individual,15,3060,45.81,59.85,41.11,1
241,ratio,individual,15,3120,46.05,60.01,41.09,1
242,ratio,individual,15,3180,46.1,60.04,41.19,1
243,ratio,individual,15,3240,46.14,60.07,41.47,1
244,ratio,individual,15,3300,45.86,59.88,41.66,1
245,ratio,individual,15,3360,45.34,59.87,41.67,1
246,ratio,individual,15,3420,45.34,59.87,41.67,1
247,ratio,individual,15,3480,45.34,59.87,41.51,1
248,ratio,individual,15,3540,45.34,59.99,41.51,1
249,ratio,individual,15,3600,45.58,60.09,41.7,1
250,ratio,individual,15,3660,45.22,60.02,41.76,1
251,ratio,individual,15,3720,45.05,59.99,41.7,1
252,ratio,individual,15,3780,44.91,60.1,41.55,1
253,ratio,individual,15,3840,45.08,60.23,41.61,1
254,ratio,individual,15,3900,45.03,60.19,41.51,1
255,ratio,individual,15,3960,45.03,60.57,41.61,1
256,ratio,individual,15,4020,44.91,60.6,41.55,1
257,ratio,individual,15,4080,45.01,60.6,41.64,1
258,ratio,individual,15,4140,45.01,60.83,41.45,1
259,ratio,individual,15,4200,45.02,60.81,41.2,1
260,ratio,individual,15,4260,45.16,60.88,41.2,1
261,ratio,individual,15,4320,45.35,60.98,41.11,1
262,ratio,individual,15,4380,45.57,60.98,41.14,1
263,ratio,individual,15,4440,45.49,60.74,41.23,1
264,ratio,individual,15,4500,45.16,60.3,41.33,1
265,ratio,individual,15,4560,44.97,60.26,41.33,1
266,ratio,individual,15,4620,45.01,60.07,41.18,1
267,ratio,individual,15,4680,45.1,60.22,41.18,1
268,ratio,individual,15,4740,45.24,60.16,41.1,1
269,ratio,individual,15,4800,45.34,60.29,41.16,1
270,ratio,individual,15,4860,45.48,60.45,41.38,1
271,ratio,individual,15,4920,45.62,60.39,41.57,1
272,ratio,individual,15,4980,45.77,60.39,41.85,1
273,ratio,individual,15,5040,45.77,60.12,41.85,1
274,ratio,individual,15,5100,45.76,60.18,41.85,1
275,ratio,individual,15,5160,45.81,60.3,41.95,1
276,ratio,individual,15,5220,45.81,60.33,41.99,1
277,ratio,individual,15,5280,45.81,60.4,41.99,1
278,ratio,individual,15,5340,45.9,60.43,42.18,1
279,ratio,individual,15,5400,45.86,60.43,42.09,1
280,ratio,individual,15,5460,45.77,60.38,41.9,1
281,ratio,individual,15,5520,45.76,60.28,41.9,1
282,ratio,individual,15,5580,45.76,60.21,42.39,1
283,ratio,individual,15,5640,45.72,60.3,42.39,1
284,ratio,individual,15,5700,45.67,60.15,42.2,1
285,ratio,individual,20,60,35.78,47.7,35.78,1
286,ratio,individual,20,120,35.78,47.7,35.78,1
287,ratio,individual,20,180,35.78,50.47,35.78,1
288,ratio,individual,20,240,37.01,52.1,35.78,1
289,ratio,individual,20,300,38.17,53.67,35.78,1
290,ratio,individual,20,360,38.79,53.85,36.24,1
291,ratio,individual,20,420,39.94,54.79,36.62,1
292,ratio,individual,20,480,40.24,54.99,36.62,1
293,ratio,individual,20,540,40.51,55.74,36.62,1
294,ratio,individual,20,600,41.48,56.39,37.57,1
295,ratio,individual,20,660,42.24,56.77,37.76,1
296,ratio,individual,20,720,43.13,57.49,38.24,1
297,ratio,individual,20,780,43.74,57.9,38.19,1
298,ratio,individual,20,840,43.29,57.86,37.87,1
299,ratio,individual,20,900,42.96,57.66,38.24,1
300,ratio,individual,20,960,43.72,58.17,38.1,1
301,ratio,individual,20,1020,43.0,57.4,37.91,1
302,ratio,individual,20,1080,42.96,57.66,38.2,1
303,ratio,individual,20,1140,42.96,57.23,37.97,1
304,ratio,individual,20,1200,42.77,56.96,37.96,1
305,ratio,individual,20,1260,42.74,56.97,37.96,1
306,ratio,individual,20,1320,42.46,57.32,38.08,1
307,ratio,individual,20,1380,42.51,57.36,38.18,1
308,ratio,individual,20,1440,42.6,57.42,38.37,1
309,ratio,individual,20,1500,42.93,57.65,37.87,1
310,ratio,individual,20,1560,43.03,57.71,37.87,1
311,ratio,individual,20,1620,42.98,57.68,37.91,1
312,ratio,individual,20,1680,42.83,57.58,38.31,1
313,ratio,individual,20,1740,42.4,57.0,38.12,1
314,ratio,individual,20,1800,42.69,57.2,38.38,1
315,ratio,individual,20,1860,42.98,57.39,38.59,1
316,ratio,individual,20,1920,43.07,57.45,38.4,1
317,ratio,individual,20,1980,43.4,57.67,38.49,1
318,ratio,individual,20,2040,43.97,58.05,38.68,1
319,ratio,individual,20,2100,44.26,58.24,38.95,1
320,ratio,individual,20,2160,43.84,58.25,38.99,1
321,ratio,individual,20,2220,44.08,58.41,39.23,1
322,ratio,individual,20,2280,44.18,58.47,39.8,1
323,ratio,individual,20,2340,44.52,58.71,40.08,1
324,ratio,individual,20,2400,43.81,58.24,40.36,1
325,ratio,individual,20,2460,43.71,58.22,40.46,1
326,ratio,individual,20,2520,43.3,58.42,40.19,1
327,ratio,individual,20,2580,42.92,58.45,40.38,1
328,ratio,individual,20,2640,43.07,58.43,40.57,1
329,ratio,individual,20,2700,43.41,58.65,40.47,1
330,ratio,individual,20,2760,43.69,58.8,40.38,1
331,ratio,individual,20,2820,43.68,59.01,40.3,1
332,ratio,individual,20,2880,43.77,58.98,40.47,1
333,ratio,individual,20,2940,44.01,59.11,40.59,1
334,ratio,individual,20,3000,44.2,58.86,40.53,1
335,ratio,individual,20,3060,44.34,58.86,40.5,1
336,ratio,individual,20,3120,44.25,58.8,40.5,1
337,ratio,individual,20,3180,44.34,58.92,40.68,1
338,ratio,individual,20,3240,44.43,59.02,40.78,1
339,ratio,individual,20,3300,44.53,58.67,40.78,1
340,ratio,individual,20,3360,44.08,58.71,40.97,1
341,ratio,individual,20,3420,44.04,58.68,40.97,1
342,ratio,individual,20,3480,44.04,58.61,40.97,1
343,ratio,individual,20,3540,44.04,58.69,40.97,1
344,ratio,individual,20,3600,44.34,58.8,41.16,1
345,ratio,individual,20,3660,44.43,58.8,41.25,1
346,ratio,individual,20,3720,44.43,58.77,41.19,1
347,ratio,individual,20,3780,44.39,58.73,41.1,1
348,ratio,individual,20,3840,44.34,58.89,41.29,1
349,ratio,individual,20,3900,44.36,58.81,41.29,1
350,ratio,individual,20,3960,44.26,58.84,41.38,1
351,ratio,individual,20,4020,44.31,58.9,41.38,1
352,ratio,individual,20,4080,44.5,58.71,41.57,1
353,ratio,individual,20,4140,44.59,58.73,40.76,1
354,ratio,individual,20,4200,44.59,58.92,40.76,1
355,ratio,individual,20,4260,44.74,59.08,40.74,1
356,ratio,individual,20,4320,44.83,59.15,40.74,1
357,ratio,individual,20,4380,44.88,59.06,40.68,1
358,ratio,individual,20,4440,44.97,58.72,40.49,1
359,ratio,individual,20,4500,45.1,58.8,40.57,1
360,ratio,individual,20,4560,45.15,58.92,40.66,1
361,ratio,individual,20,4620,45.24,58.89,40.85,1
362,ratio,individual,20,4680,45.33,58.96,41.04,1
363,ratio,individual,20,4740,45.33,58.96,41.04,1
364,ratio,individual,20,4800,45.38,58.99,41.14,1
365,ratio,individual,20,4860,45.38,59.08,41.14,1
366,ratio,individual,20,4920,45.38,59.21,41.14,1
367,ratio,individual,20,4980,45.43,59.02,41.23,1
368,ratio,individual,20,5040,45.43,59.02,41.39,1
369,ratio,individual,20,5100,45.16,59.06,41.39,1
370,ratio,individual,20,5160,45.12,59.18,41.3,1
371,ratio,individual,20,5220,45.16,59.03,41.3,1
372,ratio,individual,20,5280,45.21,59.09,41.2,1
373,ratio,individual,20,5340,45.3,59.15,41.49,1
374,ratio,individual,20,5400,45.54,59.28,41.68,1
375,ratio,individual,20,5460,45.59,59.25,41.68,1
376,ratio,individual,20,5520,45.54,59.28,41.68,1
377,ratio,individual,20,5580,45.54,59.22,41.87,1
378,ratio,individual,20,5640,45.59,59.19,41.87,1
379,ratio,individual,20,5700,45.54,59.1,41.96,1
380,ratio,individual,25,60,35.78,47.7,35.78,1
381,ratio,individual,25,120,35.78,47.7,35.78,1
382,ratio,individual,25,180,35.78,49.09,35.78,1
383,ratio,individual,25,240,35.78,50.65,35.78,1
384,ratio,individual,25,300,36.56,51.8,35.78,1
385,ratio,individual,25,360,37.48,52.13,36.15,1
386,ratio,individual,25,420,38.29,53.39,36.62,1
387,ratio,individual,25,480,39.25,54.33,36.62,1
388,ratio,individual,25,540,39.66,54.89,36.62,1
389,ratio,individual,25,600,40.8,55.65,36.62,1
390,ratio,individual,25,660,41.6,55.97,36.62,1
391,ratio,individual,25,720,42.28,56.92,37.2,1
392,ratio,individual,25,780,42.7,57.2,37.24,1
393,ratio,individual,25,840,42.74,57.23,36.68,1
394,ratio,individual,25,900,42.5,57.07,37.53,1
395,ratio,individual,25,960,42.52,57.08,37.53,1
396,ratio,individual,25,1020,42.26,56.85,37.62,1
397,ratio,individual,25,1080,42.29,56.64,37.06,1
398,ratio,individual,25,1140,42.33,56.67,37.7,1
399,ratio,individual,25,1200,42.17,56.46,37.79,1
400,ratio,individual,25,1260,42.21,56.3,37.32,1
401,ratio,individual,25,1320,41.88,56.15,37.7,1
402,ratio,individual,25,1380,41.88,56.09,37.51,1
403,ratio,individual,25,1440,42.02,56.09,37.42,1
404,ratio,individual,25,1500,41.36,56.31,37.11,1
405,ratio,individual,25,1560,41.55,56.44,37.07,1
406,ratio,individual,25,1620,41.78,56.59,36.98,1
407,ratio,individual,25,1680,41.88,56.65,37.36,1
408,ratio,individual,25,1740,41.46,56.37,37.26,1
409,ratio,individual,25,1800,41.55,56.21,37.17,1
410,ratio,individual,25,1860,41.74,56.4,37.36,1
411,ratio,individual,25,1920,42.07,56.65,37.36,1
412,ratio,individual,25,1980,42.15,57.12,37.28,1
413,ratio,individual,25,2040,42.67,57.47,37.95,1
414,ratio,individual,25,2100,42.58,57.41,37.76,1
415,ratio,individual,25,2160,42.53,57.13,38.14,1
416,ratio,individual,25,2220,42.48,57.06,38.33,1
417,ratio,individual,25,2280,42.69,57.12,38.42,1
418,ratio,individual,25,2340,42.94,56.96,38.61,1
419,ratio,individual,25,2400,43.08,56.96,38.74,1
420,ratio,individual,25,2460,43.08,57.05,39.03,1
421,ratio,individual,25,2520,42.91,56.85,39.05,1
422,ratio,individual,25,2580,42.89,56.86,39.43,1
423,ratio,individual,25,2640,42.85,56.94,39.5,1
424,ratio,individual,25,2700,43.18,57.13,39.43,1
425,ratio,individual,25,2760,43.13,57.29,39.47,1
426,ratio,individual,25,2820,43.18,57.31,39.47,1
427,ratio,individual,25,2880,43.36,57.14,39.73,1
428,ratio,individual,25,2940,43.46,57.2,39.92,1
429,ratio,individual,25,3000,43.6,57.3,40.21,1
430,ratio,individual,25,3060,43.65,57.52,40.3,1
431,ratio,individual,25,3120,43.6,57.5,40.21,1
432,ratio,individual,25,3180,43.51,57.57,40.02,1
433,ratio,individual,25,3240,43.79,57.69,40.14,1
434,ratio,individual,25,3300,43.66,57.7,40.33,1
435,ratio,individual,25,3360,43.66,57.8,40.33,1
436,ratio,individual,25,3420,43.66,57.8,40.33,1
437,ratio,individual,25,3480,43.71,57.86,40.43,1
438,ratio,individual,25,3540,43.71,57.86,40.43,1
439,ratio,individual,25,3600,43.85,57.92,40.71,1
440,ratio,individual,25,3660,43.92,58.02,40.71,1
441,ratio,individual,25,3720,43.97,58.05,40.71,1
442,ratio,individual,25,3780,43.97,58.05,40.71,1
443,ratio,individual,25,3840,43.97,58.05,40.71,1
444,ratio,individual,25,3900,43.9,57.92,40.81,1
445,ratio,individual,25,3960,43.9,57.83,40.81,1
446,ratio,individual,25,4020,43.81,57.74,40.62,1
447,ratio,individual,25,4080,43.68,57.78,40.47,1
448,ratio,individual,25,4140,43.6,57.85,40.37,1
449,ratio,individual,25,4200,43.64,57.95,40.37,1
450,ratio,individual,25,4260,43.64,57.95,40.28,1
451,ratio,individual,25,4320,43.74,57.89,39.9,1
452,ratio,individual,25,4380,43.74,57.89,39.81,1
453,ratio,individual,25,4440,43.78,57.93,39.9,1
454,ratio,individual,25,4500,43.88,57.99,40.06,1
455,ratio,individual,25,4560,43.88,57.99,40.15,1
456,ratio,individual,25,4620,43.93,58.02,40.15,1
457,ratio,individual,25,4680,44.05,58.08,40.25,1
458,ratio,individual,25,4740,44.1,58.08,40.25,1
459,ratio,individual,25,4800,44.19,58.15,40.15,1
460,ratio,individual,25,4860,44.42,58.18,40.34,1
461,ratio,individual,25,4920,44.52,58.21,40.44,1
462,ratio,individual,25,4980,44.8,58.31,40.93,1
463,ratio,individual,25,5040,44.52,58.21,40.91,1
464,ratio,individual,25,5100,44.52,58.15,40.91,1
465,ratio,individual,25,5160,44.54,58.14,40.85,1
466,ratio,individual,25,5220,44.59,58.17,40.91,1
467,ratio,individual,25,5280,44.68,58.24,41.01,1
468,ratio,individual,25,5340,44.54,58.25,41.01,1
469,ratio,individual,25,5400,44.63,58.41,41.57,1
470,ratio,individual,25,5460,44.61,58.47,41.57,1
471,ratio,individual,25,5520,44.56,58.44,41.76,1
472,ratio,individual,25,5580,44.61,58.47,41.76,1
473,ratio,individual,25,5640,44.61,58.47,41.77,1
474,ratio,individual,25,5700,44.61,58.47,41.76,1
475,ratio,individual,30,60,35.78,47.7,35.78,1
476,ratio,individual,30,120,35.78,47.7,35.78,1
477,ratio,individual,30,180,35.78,47.7,35.78,1
478,ratio,individual,30,240,35.78,49.02,35.78,1
479,ratio,individual,30,300,35.85,50.43,35.78,1
480,ratio,individual,30,360,36.66,51.09,36.05,1
481,ratio,individual,30,420,37.54,52.42,36.62,1
482,ratio,individual,30,480,37.47,53.69,36.62,1
483,ratio,individual,30,540,38.25,53.95,36.62,1
484,ratio,individual,30,600,40.01,55.12,36.62,1
485,ratio,individual,30,660,40.64,55.54,36.62,1
486,ratio,individual,30,720,41.17,55.9,36.62,1
487,ratio,individual,30,780,41.57,56.45,36.62,1
488,ratio,individual,30,840,41.65,56.5,36.62,1
489,ratio,individual,30,900,41.56,56.44,36.68,1
490,ratio,individual,30,960,41.84,56.63,37.15,1
491,ratio,individual,30,1020,41.16,56.1,37.15,1
492,ratio,individual,30,1080,41.28,55.8,36.43,1
493,ratio,individual,30,1140,41.66,55.93,36.7,1
494,ratio,individual,30,1200,41.96,56.13,36.65,1
495,ratio,individual,30,1260,42.26,56.33,36.67,1
496,ratio,individual,30,1320,42.16,56.27,36.61,1
497,ratio,individual,30,1380,41.69,55.95,36.41,1
498,ratio,individual,30,1440,41.31,55.7,36.24,1
499,ratio,individual,30,1500,40.75,55.55,36.22,1
500,ratio,individual,30,1560,40.8,55.52,36.41,1
501,ratio,individual,30,1620,40.84,55.55,36.22,1
502,ratio,individual,30,1680,40.88,55.99,36.42,1
503,ratio,individual,30,1740,40.57,55.39,36.52,1
504,ratio,individual,30,1800,40.76,55.52,36.61,1
505,ratio,individual,30,1860,40.75,55.33,36.61,1
506,ratio,individual,30,1920,40.75,55.46,36.61,1
507,ratio,individual,30,1980,40.89,56.06,36.61,1
508,ratio,individual,30,2040,41.55,56.25,36.9,1
509,ratio,individual,30,2100,41.74,56.22,37.0,1
510,ratio,individual,30,2160,41.59,56.46,37.28,1
511,ratio,individual,30,2220,41.76,56.03,37.56,1
512,ratio,individual,30,2280,41.99,56.16,37.47,1
513,ratio,individual,30,2340,42.51,56.5,37.77,1
514,ratio,individual,30,2400,42.61,56.57,38.13,1
515,ratio,individual,30,2460,42.7,56.63,38.13,1
516,ratio,individual,30,2520,42.94,56.79,38.07,1
517,ratio,individual,30,2580,42.4,56.43,38.29,1
518,ratio,individual,30,2640,42.47,56.18,38.46,1
519,ratio,individual,30,2700,42.7,56.34,38.56,1
520,ratio,individual,30,2760,42.7,56.34,38.65,1
521,ratio,individual,30,2820,42.8,56.41,38.6,1
522,ratio,individual,30,2880,42.84,56.61,38.75,1
523,ratio,individual,30,2940,42.89,56.76,38.78,1
524,ratio,individual,30,3000,43.08,56.92,39.16,1
525,ratio,individual,30,3060,43.13,57.05,39.26,1
526,ratio,individual,30,3120,43.12,57.08,39.25,1
527,ratio,individual,30,3180,43.21,57.2,39.44,1
528,ratio,individual,30,3240,43.31,57.27,39.63,1
529,ratio,individual,30,3300,43.31,56.84,39.63,1
530,ratio,individual,30,3360,43.42,56.82,39.85,1
531,ratio,individual,30,3420,43.42,56.82,39.85,1
532,ratio,individual,30,3480,43.42,56.82,39.85,1
533,ratio,individual,30,3540,43.51,56.88,40.04,1
534,ratio,individual,30,3600,43.66,57.01,40.32,1
535,ratio,individual,30,3660,43.67,57.01,40.36,1
536,ratio,individual,30,3720,43.67,57.05,40.36,1
537,ratio,individual,30,3780,43.72,57.07,40.45,1
538,ratio,individual,30,3840,43.63,57.05,40.27,1
539,ratio,individual,30,3900,43.54,57.08,40.08,1
540,ratio,individual,30,3960,43.44,57.13,39.89,1
541,ratio,individual,30,4020,43.33,57.04,39.64,1
542,ratio,individual,30,4080,43.3,57.1,39.74,1
543,ratio,individual,30,4140,43.11,57.07,39.74,1
544,ratio,individual,30,4200,43.06,57.39,39.74,1
545,ratio,individual,30,4260,42.97,57.29,39.46,1
546,ratio,individual,30,4320,43.06,57.15,38.98,1
547,ratio,individual,30,4380,43.11,57.19,39.08,1
548,ratio,individual,30,4440,43.1,57.18,38.92,1
549,ratio,individual,30,4500,43.25,57.28,38.89,1
550,ratio,individual,30,4560,43.43,57.4,39.01,1
551,ratio,individual,30,4620,43.43,57.4,39.2,1
552,ratio,individual,30,4680,43.43,57.4,39.2,1
553,ratio,individual,30,4740,43.72,57.59,38.96,1
554,ratio,individual,30,4800,43.76,57.62,39.12,1
555,ratio,individual,30,4860,44.0,57.78,39.33,1
556,ratio,individual,30,4920,44.14,57.88,39.61,1
557,ratio,individual,30,4980,44.24,57.94,39.8,1
558,ratio,individual,30,5040,44.33,58.0,39.99,1
559,ratio,individual,30,5100,44.38,58.03,40.09,1
560,ratio,individual,30,5160,44.38,58.03,40.09,1
561,ratio,individual,30,5220,44.38,58.03,40.09,1
562,ratio,individual,30,5280,44.24,57.94,39.88,1
563,ratio,individual,30,5340,43.8,57.65,39.88,1
564,ratio,individual,30,5400,43.95,57.78,40.16,1
565,ratio,individual,30,5460,43.95,57.87,40.54,1
566,ratio,individual,30,5520,43.96,57.9,40.79,1
567,ratio,individual,30,5580,43.95,57.94,40.79,1
568,ratio,individual,30,5640,43.81,57.97,40.79,1
569,ratio,individual,30,5700,43.73,58.0,40.85,1
570,zscore,individual,5,60,47.71,61.69,39.6,1
571,zscore,individual,5,120,46.36,60.79,43.11,1
572,zscore,individual,5,180,47.84,62.61,43.14,1
573,zscore,individual,5,240,48.6,63.15,44.21,1
574,zscore,individual,5,300,48.83,62.73,44.99,1
575,zscore,individual,5,360,48.68,62.74,45.75,1
576,zscore,individual,5,420,49.49,63.46,45.54,1
577,zscore,individual,5,480,49.48,63.28,45.59,1
578,zscore,individual,5,540,49.95,63.6,46.52,1
579,zscore,individual,5,600,50.08,63.71,46.78,1
580,zscore,individual,5,660,50.45,63.81,47.53,1
581,zscore,individual,5,720,50.31,64.25,47.3,1
582,zscore,individual,5,780,49.84,64.69,46.83,1
583,zscore,individual,5,840,49.13,63.7,46.3,1
584,zscore,individual,5,900,49.56,63.85,47.07,1
585,zscore,individual,5,960,49.23,63.57,46.81,1
586,zscore,individual,5,1020,49.48,63.91,47.24,1
587,zscore,individual,5,1080,48.82,63.91,46.58,1
588,zscore,individual,5,1140,48.93,63.83,46.8,1
589,zscore,individual,5,1200,48.61,63.92,46.33,1
590,zscore,individual,5,1260,48.97,63.72,46.45,1
591,zscore,individual,5,1320,49.13,64.26,46.74,1
592,zscore,individual,5,1380,49.21,64.37,47.12,1
593,zscore,individual,5,1440,49.29,64.44,47.4,1
594,zscore,individual,5,1500,49.88,64.86,47.78,1
595,zscore,individual,5,1560,49.53,64.24,47.87,1
596,zscore,individual,5,1620,49.57,63.53,47.97,1
597,zscore,individual,5,1680,49.62,63.75,48.06,1
598,zscore,individual,5,1740,49.76,63.92,48.35,1
599,zscore,individual,5,1800,49.91,63.95,48.63,1
600,zscore,individual,5,1860,49.95,64.16,48.72,1
601,zscore,individual,5,1920,50.16,64.19,48.39,1
602,zscore,individual,5,1980,50.02,64.38,48.58,1
603,zscore,individual,5,2040,50.11,64.44,48.58,1
604,zscore,individual,5,2100,50.16,64.48,48.67,1
605,zscore,individual,5,2160,50.35,64.72,48.86,1
606,zscore,individual,5,2220,50.45,64.81,48.86,1
607,zscore,individual,5,2280,50.54,64.73,48.96,1
608,zscore,individual,5,2340,50.64,64.79,48.96,1
609,zscore,individual,5,2400,50.4,64.63,49.05,1
610,zscore,individual,5,2460,50.11,64.15,49.05,1
611,zscore,individual,5,2520,50.09,63.84,49.05,1
612,zscore,individual,5,2580,50.09,64.06,49.05,1
613,zscore,individual,5,2640,50.14,64.03,49.14,1
614,zscore,individual,5,2700,50.14,63.99,49.14,1
615,zscore,individual,5,2760,50.14,64.13,49.14,1
616,zscore,individual,5,2820,50.17,64.2,49.14,1
617,zscore,individual,5,2880,50.3,64.23,49.42,1
618,zscore,individual,5,2940,50.39,64.32,49.42,1
619,zscore,individual,5,3000,50.49,64.35,49.52,1
620,zscore,individual,5,3060,50.55,64.45,49.51,1
621,zscore,individual,5,3120,50.65,64.51,49.13,1
622,zscore,individual,5,3180,50.65,64.51,49.22,1
623,zscore,individual,5,3240,50.6,64.48,49.22,1
624,zscore,individual,5,3300,50.63,64.22,49.22,1
625,zscore,individual,5,3360,50.72,64.29,49.22,1
626,zscore,individual,5,3420,50.77,64.35,49.32,1
627,zscore,individual,5,3480,50.68,64.41,49.32,1
628,zscore,individual,5,3540,50.72,64.44,49.32,1
629,zscore,individual,5,3600,50.77,64.37,49.32,1
630,zscore,individual,5,3660,50.82,64.43,49.32,1
631,zscore,individual,5,3720,50.72,64.47,48.47,1
632,zscore,individual,5,3780,50.77,64.53,48.38,1
633,zscore,individual,5,3840,50.77,64.59,48.47,1
634,zscore,individual,5,3900,50.77,64.62,48.47,1
635,zscore,individual,5,3960,50.64,64.53,48.57,1
636,zscore,individual,5,4020,50.64,64.62,48.57,1
637,zscore,individual,5,4080,50.69,64.87,48.66,1
638,zscore,individual,5,4140,50.77,64.93,48.64,1
639,zscore,individual,5,4200,50.87,65.03,48.33,1
640,zscore,individual,5,4260,50.88,65.06,48.33,1
641,zscore,individual,5,4320,50.88,65.12,48.33,1
642,zscore,individual,5,4380,50.45,65.06,48.33,1
643,zscore,individual,5,4440,50.42,65.06,48.33,1
644,zscore,individual,5,4500,50.37,65.12,48.33,1
645,zscore,individual,5,4560,50.47,65.16,48.42,1
646,zscore,individual,5,4620,50.32,65.22,48.33,1
647,zscore,individual,5,4680,50.37,65.31,48.42,1
648,zscore,individual,5,4740,50.35,65.38,47.84,1
649,zscore,individual,5,4800,50.5,65.41,48.13,1
650,zscore,individual,5,4860,50.64,65.53,48.13,1
651,zscore,individual,5,4920,50.64,65.5,48.13,1
652,zscore,individual,5,4980,50.73,65.5,48.51,1
653,zscore,individual,5,5040,50.75,65.48,48.32,1
654,zscore,individual,5,5100,50.79,65.51,48.41,1
655,zscore,individual,5,5160,50.76,65.51,48.41,1
656,zscore,individual,5,5220,50.81,65.67,48.51,1
657,zscore,individual,5,5280,50.81,65.73,48.51,1
658,zscore,individual,5,5340,51.0,65.79,48.6,1
659,zscore,individual,5,5400,51.19,66.01,48.89,1
660,zscore,individual,5,5460,51.28,66.1,48.98,1
661,zscore,individual,5,5520,51.38,66.14,49.07,1
662,zscore,individual,5,5580,51.57,66.39,49.07,1
663,zscore,individual,5,5640,51.66,66.42,49.07,1
664,zscore,individual,5,5700,51.62,66.55,48.79,1
665,residual,individual,5,60,39.19,52.51,37.68,1
666,residual,individual,5,120,39.15,52.82,36.58,1
667,residual,individual,5,180,38.95,52.69,36.91,1
668,residual,individual,5,240,38.69,52.51,37.0,1
669,residual,individual,5,300,38.55,52.42,37.0,1
670,residual,individual,5,360,38.59,52.45,37.0,1
671,residual,individual,5,420,38.26,52.23,37.19,1
672,residual,individual,5,480,38.02,52.07,37.28,1
673,residual,individual,5,540,38.17,51.95,37.28,1
674,residual,individual,5,600,38.37,51.82,37.66,1
675,residual,individual,5,660,38.37,51.66,37.66,1
676,residual,individual,5,720,38.42,51.5,37.76,1
677,residual,individual,5,780,38.51,51.53,37.76,1
678,residual,individual,5,840,38.62,51.6,37.66,1
679,residual,individual,5,900,39.0,51.6,37.72,1
680,residual,individual,5,960,39.43,51.86,38.16,1
681,residual,individual,5,1020,39.57,51.96,38.44,1
682,residual,individual,5,1080,39.57,51.95,38.44,1
683,residual,individual,5,1140,39.57,52.0,38.44,1
684,residual,individual,5,1200,39.68,52.32,38.44,1
685,residual,individual,5,1260,40.02,52.54,38.54,1
686,residual,individual,5,1320,40.07,52.57,38.64,1
687,residual,individual,5,1380,40.02,52.54,38.54,1
688,residual,individual,5,1440,40.02,52.54,38.54,1
689,residual,individual,5,1500,40.07,52.58,38.64,1
690,residual,individual,5,1560,39.98,52.51,38.45,1
691,residual,individual,5,1620,39.98,52.51,38.45,1
692,residual,individual,5,1680,39.98,52.51,38.45,1
693,residual,individual,5,1740,39.98,52.51,38.45,1
694,residual,individual,5,1800,39.98,52.61,38.45,1
695,residual,individual,5,1860,39.98,52.8,38.45,1
696,residual,individual,5,1920,40.11,52.89,38.45,1
697,residual,individual,5,1980,40.15,52.91,38.45,1
698,residual,individual,5,2040,40.15,52.91,38.45,1
699,residual,individual,5,2100,40.15,52.91,38.45,1
700,residual,individual,5,2160,40.15,52.91,38.45,1
701,residual,individual,5,2220,40.15,52.91,38.45,1
702,residual,individual,5,2280,40.15,52.92,38.45,1
703,residual,individual,5,2340,40.15,53.14,38.45,1
704,residual,individual,5,2400,40.25,53.27,38.45,1
705,residual,individual,5,2460,40.35,53.38,38.45,1
706,residual,individual,5,2520,40.27,53.57,38.45,1
707,residual,individual,5,2580,40.55,53.76,38.45,1
708,residual,individual,5,2640,40.65,53.82,38.45,1
709,residual,individual,5,2700,40.69,53.85,38.45,1
710,residual,individual,5,2760,40.64,53.82,38.45,1
711,residual,individual,5,2820,40.67,53.84,38.45,1
712,residual,individual,5,2880,40.72,53.87,38.45,1
713,residual,individual,5,2940,40.67,53.84,38.45,1
714,residual,individual,5,3000,40.67,53.84,38.45,1
715,residual,individual,5,3060,40.72,53.87,38.45,1
716,residual,individual,5,3120,40.72,53.87,38.45,1
717,residual,individual,5,3180,40.76,53.9,38.45,1
718,residual,individual,5,3240,40.81,53.93,38.45,1
719,residual,individual,5,3300,40.76,53.9,38.45,1
720,residual,individual,5,3360,40.71,53.87,38.45,1
721,residual,individual,5,3420,40.76,53.9,38.45,1
722,residual,individual,5,3480,40.76,53.9,38.45,1
723,residual,individual,5,3540,40.81,53.93,38.45,1
724,residual,individual,5,3600,40.81,53.93,38.45,1
725,residual,individual,5,3660,40.81,53.93,38.45,1
726,residual,individual,5,3720,40.76,53.9,38.45,1
727,residual,individual,5,3780,40.71,53.87,38.45,1
728,residual,individual,5,3840,40.67,53.83,38.45,1
729,residual,individual,5,3900,40.67,53.83,38.45,1
730,residual,individual,5,3960,40.67,53.83,38.45,1
731,residual,individual,5,4020,40.57,53.77,38.45,1
732,residual,individual,5,4080,40.57,53.77,38.45,1
733,residual,individual,5,4140,40.57,53.77,38.45,1
734,residual,individual,5,4200,40.62,53.8,38.45,1
735,residual,individual,5,4260,40.62,53.8,38.45,1
736,residual,individual,5,4320,40.62,53.8,38.45,1
737,residual,individual,5,4380,40.62,53.8,38.45,1
738,residual,individual,5,4440,40.62,53.8,38.45,1
739,residual,individual,5,4500,40.62,53.8,38.45,1
740,residual,individual,5,4560,40.67,53.83,38.45,1
741,residual,individual,5,4620,40.67,53.83,38.45,1
742,residual,individual,5,4680,40.67,53.83,38.45,1
743,residual,individual,5,4740,40.67,53.83,38.45,1
744,residual,individual,5,4800,40.67,53.84,38.45,1
745,residual,individual,5,4860,40.62,53.96,38.45,1
746,residual,individual,5,4920,40.67,54.12,38.45,1
747,residual,individual,5,4980,40.67,54.25,38.45,1
748,residual,individual,5,5040,40.67,54.31,38.45,1
749,residual,individual,5,5100,40.67,54.44,38.45,1
750,residual,individual,5,5160,40.67,54.53,38.45,1
751,residual,individual,5,5220,40.67,54.56,38.45,1
752,residual,individual,5,5280,40.67,54.66,38.45,1
753,residual,individual,5,5340,40.67,54.66,38.45,1
754,residual,individual,5,5400,40.67,54.69,38.45,1
755,residual,individual,5,5460,40.7,54.72,38.45,1
756,residual,individual,5,5520,40.75,54.75,38.45,1
757,residual,individual,5,5580,40.7,54.72,38.45,1
758,residual,individual,5,5640,40.75,54.75,38.45,1
759,residual,individual,5,5700,40.75,54.75,38.45,1
760,combined,all,5,60,42.68,55.75,40.12,2
761,combined,all,5,120,45.2,57.29,41.46,2
762,combined,all,5,180,45.65,59.26,43.17,2
763,combined,all,5,240,46.2,59.82,42.93,2
764,combined,all,5,300,46.04,59.43,43.03,2
765,combined,all,5,360,45.39,58.9,43.04,2
766,combined,all,5,420,45.62,59.89,43.53,2
767,combined,all,5,480,45.45,59.86,43.89,2
768,combined,all,5,540,45.58,60.45,44.26,2
769,combined,all,5,600,45.95,60.87,44.52,2
770,combined,all,5,660,46.0,61.12,44.61,2
771,combined,all,5,720,46.4,61.23,44.42,2
772,combined,all,5,780,46.99,61.79,44.33,2
773,combined,all,5,840,47.14,61.73,44.38,2
774,combined,all,5,900,47.9,62.1,44.29,2
775,combined,all,5,960,48.34,62.4,44.19,2
776,combined,all,5,1020,48.48,62.49,44.1,2
777,combined,all,5,1080,48.38,62.43,43.21,2
778,combined,all,5,1140,48.29,62.36,43.23,2
779,combined,all,5,1200,48.43,62.48,43.3,2
780,combined,all,5,1260,48.22,62.45,43.42,2
781,combined,all,5,1320,47.98,62.36,43.23,2
782,combined,all,5,1380,48.13,62.55,43.23,2
783,combined,all,5,1440,47.99,62.45,43.32,2
784,combined,all,5,1500,47.91,62.4,43.23,2
785,combined,all,5,1560,47.87,62.37,43.13,2
786,combined,all,5,1620,47.68,62.24,42.94,2
787,combined,all,5,1680,47.02,61.52,43.04,2
788,combined,all,5,1740,47.07,61.55,43.04,2
789,combined,all,5,1800,46.97,61.49,42.95,2
790,combined,all,5,1860,46.83,61.31,42.85,2
791,combined,all,5,1920,46.88,61.28,42.85,2
792,combined,all,5,1980,47.12,61.3,43.04,2
793,combined,all,5,2040,47.12,61.76,43.04,2
794,combined,all,5,2100,47.21,61.89,43.04,2
795,combined,all,5,2160,47.28,61.98,43.13,2
796,combined,all,5,2220,47.32,62.01,43.04,2
797,combined,all,5,2280,47.51,62.13,42.85,2
798,combined,all,5,2340,47.65,62.22,42.98,2
799,combined,all,5,2400,47.79,62.32,42.98,2
800,combined,all,5,2460,48.02,62.48,43.17,2
801,combined,all,5,2520,47.74,62.0,43.17,2
802,combined,all,5,2580,47.79,62.03,43.36,2
803,combined,all,5,2640,47.74,62.11,43.46,2
804,combined,all,5,2700,47.67,62.24,43.27,2
805,combined,all,5,2760,47.76,62.3,43.17,2
806,combined,all,5,2820,47.81,62.33,42.92,2
807,combined,all,5,2880,47.73,62.28,43.01,2
808,combined,all,5,2940,47.39,62.03,43.2,2
809,combined,all,5,3000,47.58,62.13,43.01,2
810,combined,all,5,3060,47.81,62.06,43.06,2
811,combined,all,5,3120,47.81,62.05,43.06,2
812,combined,all,5,3180,47.76,62.02,43.15,2
813,combined,all,5,3240,47.88,62.09,43.15,2
814,combined,all,5,3300,47.69,61.96,43.24,2
815,combined,all,5,3360,47.26,61.87,43.34,2
816,combined,all,5,3420,47.4,61.9,43.34,2
817,combined,all,5,3480,47.59,61.9,43.34,2
818,combined,all,5,3540,47.59,61.9,43.06,2
819,combined,all,5,3600,47.74,62.01,42.96,2
820,combined,all,5,3660,47.74,62.11,42.96,2
821,combined,all,5,3720,47.64,62.17,42.96,2
822,combined,all,5,3780,47.65,62.23,42.87,2
823,combined,all,5,3840,47.7,62.26,42.87,2
824,combined,all,5,3900,47.75,62.29,42.87,2
825,combined,all,5,3960,47.89,62.39,42.87,2
826,combined,all,5,4020,47.84,62.36,42.77,2
827,combined,all,5,4080,47.89,62.39,42.96,2
828,combined,all,5,4140,47.89,62.39,42.77,2
829,combined,all,5,4200,47.89,62.39,42.77,2
830,combined,all,5,4260,47.94,62.42,42.91,2
831,combined,all,5,4320,47.99,62.45,42.81,2
832,combined,all,5,4380,48.03,62.48,42.71,2
833,combined,all,5,4440,47.99,62.45,42.72,2
834,combined,all,5,4500,47.94,62.42,42.53,2
835,combined,all,5,4560,47.86,62.37,42.62,2
836,combined,all,5,4620,47.86,62.37,42.52,2
837,combined,all,5,4680,47.77,62.3,42.52,2
838,combined,all,5,4740,47.72,62.27,42.62,2
839,combined,all,5,4800,47.86,62.37,42.79,2
840,combined,all,5,4860,48.0,62.46,42.88,2
841,combined,all,5,4920,48.05,62.49,42.88,2
842,combined,all,5,4980,48.15,62.56,43.0,2
843,combined,all,5,5040,48.15,62.56,42.98,2
844,combined,all,5,5100,48.19,62.59,43.07,2
845,combined,all,5,5160,48.19,62.59,43.07,2
846,combined,all,5,5220,48.29,62.67,42.88,2
847,combined,all,5,5280,48.34,62.73,42.79,2
848,combined,all,5,5340,48.34,62.76,42.98,2
849,combined,all,5,5400,48.38,62.79,43.07,2
850,combined,all,5,5460,48.38,62.82,43.17,2
851,combined,all,5,5520,48.43,62.86,43.17,2
852,combined,all,5,5580,48.57,62.96,43.17,2
853,combined,all,5,5640,48.43,62.93,43.07,2
854,combined,all,5,5700,48.34,62.99,42.89,2
855,two,best_two,5,60,42.44,55.59,39.65,2
856,two,best_two,5,120,44.85,58.06,42.24,2
857,two,best_two,5,180,46.05,59.22,43.0,2
858,two,best_two,5,240,46.48,60.3,42.85,2
859,two,best_two,5,300,46.14,60.55,43.14,2
860,two,best_two,5,360,45.79,60.25,43.26,2
861,two,best_two,5,420,46.22,61.42,43.83,2
862,two,best_two,5,480,46.27,61.27,44.22,2
863,two,best_two,5,540,46.81,62.44,44.22,2
864,two,best_two,5,600,47.44,63.24,44.57,2
865,two,best_two,5,660,48.22,63.76,45.14,2
866,two,best_two,5,720,48.27,63.06,45.52,2
867,two,best_two,5,780,48.62,63.45,45.19,2
868,two,best_two,5,840,48.86,63.9,44.43,2
869,two,best_two,5,900,49.01,64.36,44.9,2
870,two,best_two,5,960,49.48,64.02,44.71,2
871,two,best_two,5,1020,49.87,64.28,44.37,2
872,two,best_two,5,1080,49.78,64.22,43.95,2
873,two,best_two,5,1140,49.78,64.22,43.95,2
874,two,best_two,5,1200,49.85,64.41,43.83,2
875,two,best_two,5,1260,49.69,64.41,44.07,2
876,two,best_two,5,1320,50.02,64.63,44.65,2
877,two,best_two,5,1380,50.22,64.6,45.06,2
878,two,best_two,5,1440,49.84,64.47,44.3,2
879,two,best_two,5,1500,49.12,64.07,44.24,2
880,two,best_two,5,1560,49.08,64.04,44.24,2
881,two,best_two,5,1620,48.7,63.79,44.24,2
882,two,best_two,5,1680,48.15,63.1,44.43,2
883,two,best_two,5,1740,48.25,63.04,44.57,2
884,two,best_two,5,1800,48.35,62.98,44.32,2
885,two,best_two,5,1860,48.54,62.84,44.7,2
886,two,best_two,5,1920,48.68,62.9,44.79,2
887,two,best_two,5,1980,48.87,63.09,45.17,2
888,two,best_two,5,2040,48.87,63.28,45.07,2
889,two,best_two,5,2100,49.04,63.44,45.02,2
890,two,best_two,5,2160,49.05,63.44,45.12,2
891,two,best_two,5,2220,49.17,63.53,45.02,2
892,two,best_two,5,2280,49.36,63.65,45.58,2
893,two,best_two,5,2340,49.55,63.78,45.58,2
894,two,best_two,5,2400,49.65,63.85,45.73,2
895,two,best_two,5,2460,49.89,64.01,45.73,2
896,two,best_two,5,2520,49.54,64.16,45.01,2
897,two,best_two,5,2580,49.64,64.17,45.34,2
898,two,best_two,5,2640,49.61,64.33,45.49,2
899,two,best_two,5,2700,49.56,64.49,45.58,2
900,two,best_two,5,2760,49.51,64.58,45.77,2
901,two,best_two,5,2820,49.61,64.61,45.72,2
902,two,best_two,5,2880,49.61,64.63,45.77,2
903,two,best_two,5,2940,49.86,64.31,45.96,2
904,two,best_two,5,3000,49.95,64.22,46.11,2
905,two,best_two,5,3060,50.05,64.28,46.3,2
906,two,best_two,5,3120,50.05,64.25,46.3,2
907,two,best_two,5,3180,50.14,64.1,46.49,2
908,two,best_two,5,3240,50.19,64.01,46.58,2
909,two,best_two,5,3300,49.47,63.91,46.15,2
910,two,best_two,5,3360,49.47,63.95,46.53,2
911,two,best_two,5,3420,49.51,64.01,46.62,2
912,two,best_two,5,3480,49.56,64.01,46.72,2
913,two,best_two,5,3540,49.56,64.09,46.81,2
914,two,best_two,5,3600,49.7,64.25,46.72,2
915,two,best_two,5,3660,49.7,64.34,46.72,2
916,two,best_two,5,3720,49.77,64.5,46.62,2
917,two,best_two,5,3780,49.79,64.47,46.72,2
918,two,best_two,5,3840,49.91,64.6,46.72,2
919,two,best_two,5,3900,50.01,64.66,46.76,2
920,two,best_two,5,3960,50.1,64.72,46.72,2
921,two,best_two,5,4020,50.19,64.78,46.2,2
922,two,best_two,5,4080,50.62,65.07,46.39,2
923,two,best_two,5,4140,50.54,65.02,46.39,2
924,two,best_two,5,4200,50.68,65.11,46.33,2
925,two,best_two,5,4260,50.78,65.17,46.33,2
926,two,best_two,5,4320,50.78,65.17,46.39,2
927,two,best_two,5,4380,50.83,65.21,46.44,2
928,two,best_two,5,4440,50.59,65.05,46.49,2
929,two,best_two,5,4500,50.51,65.0,46.58,2
930,two,best_two,5,4560,50.51,65.0,46.58,2
931,two,best_two,5,4620,50.38,64.91,46.49,2
932,two,best_two,5,4680,50.28,64.89,46.68,2
933,two,best_two,5,4740,50.24,64.86,46.77,2
934,two,best_two,5,4800,50.24,64.95,46.68,2
935,two,best_two,5,4860,50.28,64.95,46.87,2
936,two,best_two,5,4920,50.33,65.02,46.81,2
937,two,best_two,5,4980,50.38,65.14,47.19,2
938,two,best_two,5,5040,50.56,65.08,47.38,2
939,two,best_two,5,5100,50.51,65.11,47.38,2
940,two,best_two,5,5160,50.66,65.14,47.47,2
941,two,best_two,5,5220,50.75,65.23,47.47,2
942,two,best_two,5,5280,50.85,65.27,47.47,2
943,two,best_two,5,5340,50.89,65.3,47.66,2
944,two,best_two,5,5400,50.99,65.36,47.85,2
945,two,best_two,5,5460,51.04,65.36,47.76,2
946,two,best_two,5,5520,51.08,65.43,47.58,2
947,two,best_two,5,5580,51.23,65.55,47.68,2
948,two,best_two,5,5640,51.23,65.58,47.68,2
949,two,best_two,5,5700,51.23,65.58,46.86,2
